<?xml version="1.0" encoding="iso-8859-1" standalone="yes"?>
<calypso:calypsoDocument xmlns:liquidityrule="http://www.calypso.com/liquidityrule" xmlns:liquiditycriteria="http://www.calypso.com/liquiditycriteria" xmlns:liquidityposition="http://www.calypso.com/liquidityposition" xmlns:matching="http://www.calypso.com/matching" xmlns:scheduler="http://www.calypso.com/scheduler" xmlns:liquidityreporting="http://www.calypso.com/liquidityreporting" xmlns:kpiservice="http://www.calypso.com/kpiservice" xmlns:ns13="http://www.calypso.com/bo-messaging" xmlns:assumption="http://www.calypso.com/assumption" xmlns:calibration="http://www.calypso.com/calibration" xmlns:hedgeaccounting="http://www.calypso.com/hedgeaccounting" xmlns:swift="http://www.calypso.com/swift" xmlns:bondexoticnote="http://www.calypso.com/bondexoticnote" xmlns:datauploader="http://www.calypso.com/datauploader" xmlns:ftp="http://www.calypso.com/ftp" xmlns:bloomberg="http://www.calypso.com/bloomberg" xmlns:pricingscript="http://www.calypso.com/pricingscript" xmlns:am="http://www.calypso.com/am" xmlns:scriptableOTC="http://www.calypso.com/scriptableOTC" xmlns:pricingsheet="http://www.calypso.com/pricingsheet" xmlns:taskstation="http://www.calypso.com/taskstation" xmlns:liquiditycore="http://www.calypso.com/liquiditycore" xmlns:calypso="http://www.calypso.com/xml" xmlns:rateengine="http://www.calypso.com/rateengine" xmlns:accplreconciliation="http://www.calypso.com/accplreconciliation" xmlns:liquidityclassification="http://www.calypso.com/liquidityclassification" xmlns:collateral="http://www.calypso.com/collateral" xmlns:calculationserver="http://www.calypso.com/calculationserver">
    <calypso:calypsoObject xsi:type="calypso:LegalEntity" version="14-0" action="" xmlns:xsi="http://www.w3.org/2001/XMLSchema-instance">
        <calypso:code>SG_TRADING</calypso:code>
        <calypso:name>SG_TRADING_LongName</calypso:name>
        <calypso:roles>
            <calypso:domainValue>
                <calypso:type>com.calypso.tk.refdata.DomainValueAdapter</calypso:type>
                <calypso:separator>#</calypso:separator>
                <calypso:identifier code="role#Broker" codifier="convention"/>
                <calypso:calypsoBusinessKey>
                    <calypso:propertyName>domainName</calypso:propertyName>
                    <calypso:propertyValue>role</calypso:propertyValue>
                </calypso:calypsoBusinessKey>
                <calypso:calypsoBusinessKey>
                    <calypso:propertyName>value</calypso:propertyName>
                    <calypso:propertyValue>Broker</calypso:propertyValue>
                </calypso:calypsoBusinessKey>
            </calypso:domainValue>
        </calypso:roles>
        <calypso:roles>
            <calypso:domainValue>
                <calypso:type>com.calypso.tk.refdata.DomainValueAdapter</calypso:type>
                <calypso:separator>#</calypso:separator>
                <calypso:identifier code="role#Clearer" codifier="convention"/>
                <calypso:calypsoBusinessKey>
                    <calypso:propertyName>domainName</calypso:propertyName>
                    <calypso:propertyValue>role</calypso:propertyValue>
                </calypso:calypsoBusinessKey>
                <calypso:calypsoBusinessKey>
                    <calypso:propertyName>value</calypso:propertyName>
                    <calypso:propertyValue>Clearer</calypso:propertyValue>
                </calypso:calypsoBusinessKey>
            </calypso:domainValue>
        </calypso:roles>
        <calypso:roles>
            <calypso:domainValue>
                <calypso:type>com.calypso.tk.refdata.DomainValueAdapter</calypso:type>
                <calypso:separator>#</calypso:separator>
                <calypso:identifier code="role#Client" codifier="convention"/>
                <calypso:calypsoBusinessKey>
                    <calypso:propertyName>domainName</calypso:propertyName>
                    <calypso:propertyValue>role</calypso:propertyValue>
                </calypso:calypsoBusinessKey>
                <calypso:calypsoBusinessKey>
                    <calypso:propertyName>value</calypso:propertyName>
                    <calypso:propertyValue>Client</calypso:propertyValue>
                </calypso:calypsoBusinessKey>
            </calypso:domainValue>
        </calypso:roles>
        <calypso:roles>
            <calypso:domainValue>
                <calypso:type>com.calypso.tk.refdata.DomainValueAdapter</calypso:type>
                <calypso:separator>#</calypso:separator>
                <calypso:identifier code="role#CounterParty" codifier="convention"/>
                <calypso:calypsoBusinessKey>
                    <calypso:propertyName>domainName</calypso:propertyName>
                    <calypso:propertyValue>role</calypso:propertyValue>
                </calypso:calypsoBusinessKey>
                <calypso:calypsoBusinessKey>
                    <calypso:propertyName>value</calypso:propertyName>
                    <calypso:propertyValue>CounterParty</calypso:propertyValue>
                </calypso:calypsoBusinessKey>
            </calypso:domainValue>
        </calypso:roles>
        <calypso:roles>
            <calypso:domainValue>
                <calypso:type>com.calypso.tk.refdata.DomainValueAdapter</calypso:type>
                <calypso:separator>#</calypso:separator>
                <calypso:identifier code="role#ExecutingBroker" codifier="convention"/>
                <calypso:calypsoBusinessKey>
                    <calypso:propertyName>domainName</calypso:propertyName>
                    <calypso:propertyValue>role</calypso:propertyValue>
                </calypso:calypsoBusinessKey>
                <calypso:calypsoBusinessKey>
                    <calypso:propertyName>value</calypso:propertyName>
                    <calypso:propertyValue>ExecutingBroker</calypso:propertyValue>
                </calypso:calypsoBusinessKey>
            </calypso:domainValue>
        </calypso:roles>
        <calypso:parent>
            <calypso:type>com.calypso.tk.core.LegalEntityAdapter</calypso:type>
            <calypso:identifier code="NONE" codifier="convention"/>
        </calypso:parent>
        <calypso:classification>true</calypso:classification>
        <calypso:status>Enabled</calypso:status>
        <calypso:country>
            <calypso:type>com.calypso.tk.refdata.Country</calypso:type>
            <calypso:identifier code="HONG KONG" codifier="convention"/>
            <calypso:calypsoBusinessKey>
                <calypso:propertyName>name</calypso:propertyName>
                <calypso:propertyValue>HONG KONG</calypso:propertyValue>
            </calypso:calypsoBusinessKey>
        </calypso:country>
        <calypso:tripartyAllocType>0</calypso:tripartyAllocType>
        <calypso:attribute>
            <calypso:attributeType>
                <calypso:domainValue>
                    <calypso:type>com.calypso.tk.refdata.DomainValueAdapter</calypso:type>
                    <calypso:separator>#</calypso:separator>
                    <calypso:identifier code="leAttributeType#ICIFFlag" codifier="convention"/>
                    <calypso:calypsoBusinessKey>
                        <calypso:propertyName>domainName</calypso:propertyName>
                        <calypso:propertyValue>leAttributeType</calypso:propertyValue>
                    </calypso:calypsoBusinessKey>
                    <calypso:calypsoBusinessKey>
                        <calypso:propertyName>value</calypso:propertyName>
                        <calypso:propertyValue>ICIFFlag</calypso:propertyValue>
                    </calypso:calypsoBusinessKey>
                </calypso:domainValue>
            </calypso:attributeType>
            <calypso:attributeValue>NO</calypso:attributeValue>
            <calypso:role>
                <calypso:itemValue>ALL</calypso:itemValue>
            </calypso:role>
        </calypso:attribute>
        <calypso:attribute>
            <calypso:attributeType>
                <calypso:domainValue>
                    <calypso:type>com.calypso.tk.refdata.DomainValueAdapter</calypso:type>
                    <calypso:separator>#</calypso:separator>
                    <calypso:identifier code="leAttributeType#Booking Branch Code" codifier="convention"/>
                    <calypso:calypsoBusinessKey>
                        <calypso:propertyName>domainName</calypso:propertyName>
                        <calypso:propertyValue>leAttributeType</calypso:propertyValue>
                    </calypso:calypsoBusinessKey>
                    <calypso:calypsoBusinessKey>
                        <calypso:propertyName>value</calypso:propertyName>
                        <calypso:propertyValue>Booking Branch Code</calypso:propertyValue>
                    </calypso:calypsoBusinessKey>
                </calypso:domainValue>
            </calypso:attributeType>
            <calypso:attributeValue>0100</calypso:attributeValue>
            <calypso:role>
                <calypso:itemValue>ALL</calypso:itemValue>
            </calypso:role>
        </calypso:attribute>
        <calypso:attribute>
            <calypso:attributeType>
                <calypso:domainValue>
                    <calypso:type>com.calypso.tk.refdata.DomainValueAdapter</calypso:type>
                    <calypso:separator>#</calypso:separator>
                    <calypso:identifier code="leAttributeType#Resi/Non-Resi" codifier="convention"/>
                    <calypso:calypsoBusinessKey>
                        <calypso:propertyName>domainName</calypso:propertyName>
                        <calypso:propertyValue>leAttributeType</calypso:propertyValue>
                    </calypso:calypsoBusinessKey>
                    <calypso:calypsoBusinessKey>
                        <calypso:propertyName>value</calypso:propertyName>
                        <calypso:propertyValue>Resi/Non-Resi</calypso:propertyValue>
                    </calypso:calypsoBusinessKey>
                </calypso:domainValue>
            </calypso:attributeType>
            <calypso:attributeValue>9</calypso:attributeValue>
            <calypso:role>
                <calypso:itemValue>ALL</calypso:itemValue>
            </calypso:role>
            <calypso:processingOrg>
                <calypso:type>com.calypso.tk.core.LegalEntityAdapter</calypso:type>
                <calypso:identifier code="STBC_TKY" codifier="convention"/>
                <calypso:role>ProcessingOrg</calypso:role>
            </calypso:processingOrg>
        </calypso:attribute>
        <calypso:attribute>
            <calypso:attributeType>
                <calypso:domainValue>
                    <calypso:type>com.calypso.tk.refdata.DomainValueAdapter</calypso:type>
                    <calypso:separator>#</calypso:separator>
                    <calypso:identifier code="leAttributeType#Message" codifier="convention"/>
                    <calypso:calypsoBusinessKey>
                        <calypso:propertyName>domainName</calypso:propertyName>
                        <calypso:propertyValue>leAttributeType</calypso:propertyValue>
                    </calypso:calypsoBusinessKey>
                    <calypso:calypsoBusinessKey>
                        <calypso:propertyName>value</calypso:propertyName>
                        <calypso:propertyValue>Message</calypso:propertyValue>
                    </calypso:calypsoBusinessKey>
                </calypso:domainValue>
            </calypso:attributeType>
            <calypso:attributeValue>PAPER-IB</calypso:attributeValue>
            <calypso:role>
                <calypso:itemValue>ALL</calypso:itemValue>
            </calypso:role>
        </calypso:attribute>
        <calypso:attribute>
            <calypso:attributeType>
                <calypso:domainValue>
                    <calypso:type>com.calypso.tk.refdata.DomainValueAdapter</calypso:type>
                    <calypso:separator>#</calypso:separator>
                    <calypso:identifier code="leAttributeType#RM Branch Code" codifier="convention"/>
                    <calypso:calypsoBusinessKey>
                        <calypso:propertyName>domainName</calypso:propertyName>
                        <calypso:propertyValue>leAttributeType</calypso:propertyValue>
                    </calypso:calypsoBusinessKey>
                    <calypso:calypsoBusinessKey>
                        <calypso:propertyName>value</calypso:propertyName>
                        <calypso:propertyValue>RM Branch Code</calypso:propertyValue>
                    </calypso:calypsoBusinessKey>
                </calypso:domainValue>
            </calypso:attributeType>
            <calypso:attributeValue>0063</calypso:attributeValue>
            <calypso:role>
                <calypso:itemValue>ALL</calypso:itemValue>
            </calypso:role>
        </calypso:attribute>
        <calypso:attribute>
            <calypso:attributeType>
                <calypso:domainValue>
                    <calypso:type>com.calypso.tk.refdata.DomainValueAdapter</calypso:type>
                    <calypso:separator>#</calypso:separator>
                    <calypso:identifier code="leAttributeType#BOJ Ind. Code" codifier="convention"/>
                    <calypso:calypsoBusinessKey>
                        <calypso:propertyName>domainName</calypso:propertyName>
                        <calypso:propertyValue>leAttributeType</calypso:propertyValue>
                    </calypso:calypsoBusinessKey>
                    <calypso:calypsoBusinessKey>
                        <calypso:propertyName>value</calypso:propertyName>
                        <calypso:propertyValue>BOJ Ind. Code</calypso:propertyValue>
                    </calypso:calypsoBusinessKey>
                </calypso:domainValue>
            </calypso:attributeType>
            <calypso:attributeValue>08700</calypso:attributeValue>
            <calypso:role>
                <calypso:itemValue>ALL</calypso:itemValue>
            </calypso:role>
        </calypso:attribute>
        <calypso:attribute>
            <calypso:attributeType>
                <calypso:domainValue>
                    <calypso:type>com.calypso.tk.refdata.DomainValueAdapter</calypso:type>
                    <calypso:separator>#</calypso:separator>
                    <calypso:identifier code="leAttributeType#MyTrustSettlement" codifier="convention"/>
                    <calypso:calypsoBusinessKey>
                        <calypso:propertyName>domainName</calypso:propertyName>
                        <calypso:propertyValue>leAttributeType</calypso:propertyValue>
                    </calypso:calypsoBusinessKey>
                    <calypso:calypsoBusinessKey>
                        <calypso:propertyName>value</calypso:propertyName>
                        <calypso:propertyValue>MyTrustSettlement</calypso:propertyValue>
                    </calypso:calypsoBusinessKey>
                </calypso:domainValue>
            </calypso:attributeType>
            <calypso:attributeValue>NO</calypso:attributeValue>
            <calypso:role>
                <calypso:itemValue>ALL</calypso:itemValue>
            </calypso:role>
        </calypso:attribute>
        <calypso:attribute>
            <calypso:attributeType>
                <calypso:domainValue>
                    <calypso:type>com.calypso.tk.refdata.DomainValueAdapter</calypso:type>
                    <calypso:separator>#</calypso:separator>
                    <calypso:identifier code="leAttributeType#RM Branch Name" codifier="convention"/>
                    <calypso:calypsoBusinessKey>
                        <calypso:propertyName>domainName</calypso:propertyName>
                        <calypso:propertyValue>leAttributeType</calypso:propertyValue>
                    </calypso:calypsoBusinessKey>
                    <calypso:calypsoBusinessKey>
                        <calypso:propertyName>value</calypso:propertyName>
                        <calypso:propertyValue>RM Branch Name</calypso:propertyValue>
                    </calypso:calypsoBusinessKey>
                </calypso:domainValue>
            </calypso:attributeType>
            <calypso:attributeValue>&#24066;&#22580;&#27770;&#28168;&#37096;</calypso:attributeValue>
            <calypso:role>
                <calypso:itemValue>ALL</calypso:itemValue>
            </calypso:role>
        </calypso:attribute>
        <calypso:attribute>
            <calypso:attributeType>
                <calypso:domainValue>
                    <calypso:type>com.calypso.tk.refdata.DomainValueAdapter</calypso:type>
                    <calypso:separator>#</calypso:separator>
                    <calypso:identifier code="leAttributeType#FO Customer No." codifier="convention"/>
                    <calypso:calypsoBusinessKey>
                        <calypso:propertyName>domainName</calypso:propertyName>
                        <calypso:propertyValue>leAttributeType</calypso:propertyValue>
                    </calypso:calypsoBusinessKey>
                    <calypso:calypsoBusinessKey>
                        <calypso:propertyName>value</calypso:propertyName>
                        <calypso:propertyValue>FO Customer No.</calypso:propertyValue>
                    </calypso:calypsoBusinessKey>
                </calypso:domainValue>
            </calypso:attributeType>
            <calypso:attributeValue>19245500</calypso:attributeValue>
            <calypso:role>
                <calypso:itemValue>ALL</calypso:itemValue>
            </calypso:role>
        </calypso:attribute>
        <calypso:attribute>
            <calypso:attributeType>
                <calypso:domainValue>
                    <calypso:type>com.calypso.tk.refdata.DomainValueAdapter</calypso:type>
                    <calypso:separator>#</calypso:separator>
                    <calypso:identifier code="leAttributeType#Branch Name" codifier="convention"/>
                    <calypso:calypsoBusinessKey>
                        <calypso:propertyName>domainName</calypso:propertyName>
                        <calypso:propertyValue>leAttributeType</calypso:propertyValue>
                    </calypso:calypsoBusinessKey>
                    <calypso:calypsoBusinessKey>
                        <calypso:propertyName>value</calypso:propertyName>
                        <calypso:propertyValue>Branch Name</calypso:propertyValue>
                    </calypso:calypsoBusinessKey>
                </calypso:domainValue>
            </calypso:attributeType>
            <calypso:attributeValue>&#24066;&#22580;&#27770;&#28168;&#37096;</calypso:attributeValue>
            <calypso:role>
                <calypso:itemValue>ALL</calypso:itemValue>
            </calypso:role>
        </calypso:attribute>
        <calypso:attribute>
            <calypso:attributeType>
                <calypso:domainValue>
                    <calypso:type>com.calypso.tk.refdata.DomainValueAdapter</calypso:type>
                    <calypso:separator>#</calypso:separator>
                    <calypso:identifier code="leAttributeType#English Full Name" codifier="convention"/>
                    <calypso:calypsoBusinessKey>
                        <calypso:propertyName>domainName</calypso:propertyName>
                        <calypso:propertyValue>leAttributeType</calypso:propertyValue>
                    </calypso:calypsoBusinessKey>
                    <calypso:calypsoBusinessKey>
                        <calypso:propertyName>value</calypso:propertyName>
                        <calypso:propertyValue>English Full Name</calypso:propertyValue>
                    </calypso:calypsoBusinessKey>
                </calypso:domainValue>
            </calypso:attributeType>
            <calypso:attributeValue>SG AMERICAS SECURITIES,LLC</calypso:attributeValue>
            <calypso:role>
                <calypso:itemValue>ALL</calypso:itemValue>
            </calypso:role>
        </calypso:attribute>
        <calypso:attribute>
            <calypso:attributeType>
                <calypso:domainValue>
                    <calypso:type>com.calypso.tk.refdata.DomainValueAdapter</calypso:type>
                    <calypso:separator>#</calypso:separator>
                    <calypso:identifier code="leAttributeType#City Code" codifier="convention"/>
                    <calypso:calypsoBusinessKey>
                        <calypso:propertyName>domainName</calypso:propertyName>
                        <calypso:propertyValue>leAttributeType</calypso:propertyValue>
                    </calypso:calypsoBusinessKey>
                    <calypso:calypsoBusinessKey>
                        <calypso:propertyName>value</calypso:propertyName>
                        <calypso:propertyValue>City Code</calypso:propertyValue>
                    </calypso:calypsoBusinessKey>
                </calypso:domainValue>
            </calypso:attributeType>
            <calypso:attributeValue>00</calypso:attributeValue>
            <calypso:role>
                <calypso:itemValue>ALL</calypso:itemValue>
            </calypso:role>
        </calypso:attribute>
        <calypso:attribute>
            <calypso:attributeType>
                <calypso:domainValue>
                    <calypso:type>com.calypso.tk.refdata.DomainValueAdapter</calypso:type>
                    <calypso:separator>#</calypso:separator>
                    <calypso:identifier code="leAttributeType#FX_MARGIN" codifier="convention"/>
                    <calypso:calypsoBusinessKey>
                        <calypso:propertyName>domainName</calypso:propertyName>
                        <calypso:propertyValue>leAttributeType</calypso:propertyValue>
                    </calypso:calypsoBusinessKey>
                    <calypso:calypsoBusinessKey>
                        <calypso:propertyName>value</calypso:propertyName>
                        <calypso:propertyValue>FX_MARGIN</calypso:propertyValue>
                    </calypso:calypsoBusinessKey>
                </calypso:domainValue>
            </calypso:attributeType>
            <calypso:attributeValue>NO</calypso:attributeValue>
            <calypso:role>
                <calypso:itemValue>ALL</calypso:itemValue>
            </calypso:role>
        </calypso:attribute>
        <calypso:attribute>
            <calypso:attributeType>
                <calypso:domainValue>
                    <calypso:type>com.calypso.tk.refdata.DomainValueAdapter</calypso:type>
                    <calypso:separator>#</calypso:separator>
                    <calypso:identifier code="leAttributeType#Branch Code" codifier="convention"/>
                    <calypso:calypsoBusinessKey>
                        <calypso:propertyName>domainName</calypso:propertyName>
                        <calypso:propertyValue>leAttributeType</calypso:propertyValue>
                    </calypso:calypsoBusinessKey>
                    <calypso:calypsoBusinessKey>
                        <calypso:propertyName>value</calypso:propertyName>
                        <calypso:propertyValue>Branch Code</calypso:propertyValue>
                    </calypso:calypsoBusinessKey>
                </calypso:domainValue>
            </calypso:attributeType>
            <calypso:attributeValue>0063</calypso:attributeValue>
            <calypso:role>
                <calypso:itemValue>ALL</calypso:itemValue>
            </calypso:role>
        </calypso:attribute>
        <calypso:attribute>
            <calypso:attributeType>
                <calypso:domainValue>
                    <calypso:type>com.calypso.tk.refdata.DomainValueAdapter</calypso:type>
                    <calypso:separator>#</calypso:separator>
                    <calypso:identifier code="leAttributeType#Gaitame Ind. Code" codifier="convention"/>
                    <calypso:calypsoBusinessKey>
                        <calypso:propertyName>domainName</calypso:propertyName>
                        <calypso:propertyValue>leAttributeType</calypso:propertyValue>
                    </calypso:calypsoBusinessKey>
                    <calypso:calypsoBusinessKey>
                        <calypso:propertyName>value</calypso:propertyName>
                        <calypso:propertyValue>Gaitame Ind. Code</calypso:propertyValue>
                    </calypso:calypsoBusinessKey>
                </calypso:domainValue>
            </calypso:attributeType>
            <calypso:attributeValue>86</calypso:attributeValue>
            <calypso:role>
                <calypso:itemValue>ALL</calypso:itemValue>
            </calypso:role>
        </calypso:attribute>
        <calypso:attribute>
            <calypso:attributeType>
                <calypso:domainValue>
                    <calypso:type>com.calypso.tk.refdata.DomainValueAdapter</calypso:type>
                    <calypso:separator>#</calypso:separator>
                    <calypso:identifier code="leAttributeType#BackOffice System Flag" codifier="convention"/>
                    <calypso:calypsoBusinessKey>
                        <calypso:propertyName>domainName</calypso:propertyName>
                        <calypso:propertyValue>leAttributeType</calypso:propertyValue>
                    </calypso:calypsoBusinessKey>
                    <calypso:calypsoBusinessKey>
                        <calypso:propertyName>value</calypso:propertyName>
                        <calypso:propertyValue>BackOffice System Flag</calypso:propertyValue>
                    </calypso:calypsoBusinessKey>
                </calypso:domainValue>
            </calypso:attributeType>
            <calypso:attributeValue>GAITAME</calypso:attributeValue>
            <calypso:role>
                <calypso:itemValue>ALL</calypso:itemValue>
            </calypso:role>
        </calypso:attribute>
        <calypso:attribute>
            <calypso:attributeType>
                <calypso:domainValue>
                    <calypso:type>com.calypso.tk.refdata.DomainValueAdapter</calypso:type>
                    <calypso:separator>#</calypso:separator>
                    <calypso:identifier code="leAttributeType#Corporate Entity ID" codifier="convention"/>
                    <calypso:calypsoBusinessKey>
                        <calypso:propertyName>domainName</calypso:propertyName>
                        <calypso:propertyValue>leAttributeType</calypso:propertyValue>
                    </calypso:calypsoBusinessKey>
                    <calypso:calypsoBusinessKey>
                        <calypso:propertyName>value</calypso:propertyName>
                        <calypso:propertyValue>Corporate Entity ID</calypso:propertyValue>
                    </calypso:calypsoBusinessKey>
                </calypso:domainValue>
            </calypso:attributeType>
            <calypso:attributeValue>192455</calypso:attributeValue>
            <calypso:role>
                <calypso:itemValue>ALL</calypso:itemValue>
            </calypso:role>
        </calypso:attribute>
        <calypso:attribute>
            <calypso:attributeType>
                <calypso:domainValue>
                    <calypso:type>com.calypso.tk.refdata.DomainValueAdapter</calypso:type>
                    <calypso:separator>#</calypso:separator>
                    <calypso:identifier code="leAttributeType#Gaitame CIF No." codifier="convention"/>
                    <calypso:calypsoBusinessKey>
                        <calypso:propertyName>domainName</calypso:propertyName>
                        <calypso:propertyValue>leAttributeType</calypso:propertyValue>
                    </calypso:calypsoBusinessKey>
                    <calypso:calypsoBusinessKey>
                        <calypso:propertyName>value</calypso:propertyName>
                        <calypso:propertyValue>Gaitame CIF No.</calypso:propertyValue>
                    </calypso:calypsoBusinessKey>
                </calypso:domainValue>
            </calypso:attributeType>
            <calypso:attributeValue>19245500</calypso:attributeValue>
            <calypso:role>
                <calypso:itemValue>ALL</calypso:itemValue>
            </calypso:role>
        </calypso:attribute>
        <calypso:attribute>
            <calypso:attributeType>
                <calypso:domainValue>
                    <calypso:type>com.calypso.tk.refdata.DomainValueAdapter</calypso:type>
                    <calypso:separator>#</calypso:separator>
                    <calypso:identifier code="leAttributeType#PaymentSTP" codifier="convention"/>
                    <calypso:calypsoBusinessKey>
                        <calypso:propertyName>domainName</calypso:propertyName>
                        <calypso:propertyValue>leAttributeType</calypso:propertyValue>
                    </calypso:calypsoBusinessKey>
                    <calypso:calypsoBusinessKey>
                        <calypso:propertyName>value</calypso:propertyName>
                        <calypso:propertyValue>PaymentSTP</calypso:propertyValue>
                    </calypso:calypsoBusinessKey>
                </calypso:domainValue>
            </calypso:attributeType>
            <calypso:attributeValue>NO</calypso:attributeValue>
            <calypso:role>
                <calypso:itemValue>ALL</calypso:itemValue>
            </calypso:role>
        </calypso:attribute>
        <calypso:attribute>
            <calypso:attributeType>
                <calypso:domainValue>
                    <calypso:type>com.calypso.tk.refdata.DomainValueAdapter</calypso:type>
                    <calypso:separator>#</calypso:separator>
                    <calypso:identifier code="leAttributeType#Domicile" codifier="convention"/>
                    <calypso:calypsoBusinessKey>
                        <calypso:propertyName>domainName</calypso:propertyName>
                        <calypso:propertyValue>leAttributeType</calypso:propertyValue>
                    </calypso:calypsoBusinessKey>
                    <calypso:calypsoBusinessKey>
                        <calypso:propertyName>value</calypso:propertyName>
                        <calypso:propertyValue>Domicile</calypso:propertyValue>
                    </calypso:calypsoBusinessKey>
                </calypso:domainValue>
            </calypso:attributeType>
            <calypso:attributeValue>US</calypso:attributeValue>
            <calypso:role>
                <calypso:itemValue>ALL</calypso:itemValue>
            </calypso:role>
        </calypso:attribute>
        <calypso:attribute>
            <calypso:attributeType>
                <calypso:domainValue>
                    <calypso:type>com.calypso.tk.refdata.DomainValueAdapter</calypso:type>
                    <calypso:separator>#</calypso:separator>
                    <calypso:identifier code="leAttributeType#English/Japanese Flag" codifier="convention"/>
                    <calypso:calypsoBusinessKey>
                        <calypso:propertyName>domainName</calypso:propertyName>
                        <calypso:propertyValue>leAttributeType</calypso:propertyValue>
                    </calypso:calypsoBusinessKey>
                    <calypso:calypsoBusinessKey>
                        <calypso:propertyName>value</calypso:propertyName>
                        <calypso:propertyValue>English/Japanese Flag</calypso:propertyValue>
                    </calypso:calypsoBusinessKey>
                </calypso:domainValue>
            </calypso:attributeType>
            <calypso:attributeValue>ENGLISH</calypso:attributeValue>
            <calypso:role>
                <calypso:itemValue>ALL</calypso:itemValue>
            </calypso:role>
        </calypso:attribute>
    </calypso:calypsoObject>
</calypso:calypsoDocument>